observation_date,NCBREMV
1945-10-01,142811
1946-01-01,
1946-04-01,
1946-07-01,
1946-10-01,159407
1947-01-01,
1947-04-01,
1947-07-01,
1947-10-01,187736
1948-01-01,
1948-04-01,
1948-07-01,
1948-10-01,199450
1949-01-01,
1949-04-01,
1949-07-01,
1949-10-01,203936
1950-01-01,
1950-04-01,
1950-07-01,
1950-10-01,220715
1951-01-01,
1951-04-01,
1951-07-01,
1951-10-01,240645
1952-01-01,247773
1952-04-01,249164
1952-07-01,248233
1952-10-01,251382
1953-01-01,252850
1953-04-01,255579
1953-07-01,258630
1953-10-01,259102
1954-01-01,260326
1954-04-01,261677
1954-07-01,263287
1954-10-01,265003
1955-01-01,265937
1955-04-01,270077
1955-07-01,276744
1955-10-01,285179
1956-01-01,296670
1956-04-01,299127
1956-07-01,307973
1956-10-01,313564
1957-01-01,318689
1957-04-01,323582
1957-07-01,327499
1957-10-01,330035
1958-01-01,331473
1958-04-01,333382
1958-07-01,335561
1958-10-01,337847
1959-01-01,341239
1959-04-01,343486
1959-07-01,345766
1959-10-01,348117
1960-01-01,348684
1960-04-01,349886
1960-07-01,351278
1960-10-01,352721
1961-01-01,353925
1961-04-01,356786
1961-07-01,359704
1961-10-01,362550
1962-01-01,364783
1962-04-01,366637
1962-07-01,369058
1962-10-01,371962
1963-01-01,373813
1963-04-01,376079
1963-07-01,378747
1963-10-01,381280
1964-01-01,383272
1964-04-01,389499
1964-07-01,392715
1964-10-01,399403
1965-01-01,403902
1965-04-01,409066
1965-07-01,413283
1965-10-01,423994
1966-01-01,426137
1966-04-01,438945
1966-07-01,443923
1966-10-01,454030
1967-01-01,458416
1967-04-01,464959
1967-07-01,472339
1967-10-01,483207
1968-01-01,492619
1968-04-01,501875
1968-07-01,510628
1968-10-01,524866
1969-01-01,536332
1969-04-01,550673
1969-07-01,563559
1969-10-01,580412
1970-01-01,592236
1970-04-01,617943
1970-07-01,622640
1970-10-01,638015
1971-01-01,654191
1971-04-01,672201
1971-07-01,690481
1971-10-01,707036
1972-01-01,728970
1972-04-01,743305
1972-07-01,758906
1972-10-01,775700
1973-01-01,793184
1973-04-01,819298
1973-07-01,851932
1973-10-01,883295
1974-01-01,911389
1974-04-01,956293
1974-07-01,1010504
1974-10-01,1062857
1975-01-01,1104445
1975-04-01,1132710
1975-07-01,1149771
1975-10-01,1170930
1976-01-01,1189770
1976-04-01,1225909
1976-07-01,1258746
1976-10-01,1292062
1977-01-01,1331389
1977-04-01,1361526
1977-07-01,1396992
1977-10-01,1430747
1978-01-01,1466860
1978-04-01,1517556
1978-07-01,1566328
1978-10-01,1620823
1979-01-01,1675601
1979-04-01,1736602
1979-07-01,1804868
1979-10-01,1860176
1980-01-01,1912088
1980-04-01,1970951
1980-07-01,2034905
1980-10-01,2112581
1981-01-01,2184020
1981-04-01,2254902
1981-07-01,2316255
1981-10-01,2397012
1982-01-01,2488814
1982-04-01,2514370
1982-07-01,2537428
1982-10-01,2546254
1983-01-01,2585749
1983-04-01,2580931
1983-07-01,2588533
1983-10-01,2616850
1984-01-01,2632617
1984-04-01,2669605
1984-07-01,2712824
1984-10-01,2755196
1985-01-01,2772640
1985-04-01,2796190
1985-07-01,2828738
1985-10-01,2872856
1986-01-01,2892723
1986-04-01,2911224
1986-07-01,2935496
1986-10-01,2956923
1987-01-01,2975392
1987-04-01,3002850
1987-07-01,3032658
1987-10-01,3096102
1988-01-01,3154574
1988-04-01,3199843
1988-07-01,3241813
1988-10-01,3297032
1989-01-01,3510165
1989-04-01,3496299
1989-07-01,3476758
1989-10-01,3446477
1990-01-01,3432410
1990-04-01,3421035
1990-07-01,3436970
1990-10-01,3436638
1991-01-01,3424829
1991-04-01,3407079
1991-07-01,3308042
1991-10-01,3209584
1992-01-01,3145429
1992-04-01,3090625
1992-07-01,3021881
1992-10-01,2955054
1993-01-01,2935167
1993-04-01,2927613
1993-07-01,2935611
1993-10-01,2947188
1994-01-01,2987482
1994-04-01,3034742
1994-07-01,3077943
1994-10-01,3127498
1995-01-01,3148380
1995-04-01,3165908
1995-07-01,3208750
1995-10-01,3249692
1996-01-01,3284649
1996-04-01,3297240
1996-07-01,3300027
1996-10-01,3496213
1997-01-01,3767751
1997-04-01,3792386
1997-07-01,3927972
1997-10-01,4291451
1998-01-01,4386756
1998-04-01,4585363
1998-07-01,4618707
1998-10-01,4713285
1999-01-01,4579951
1999-04-01,4626636
1999-07-01,4859970
1999-10-01,4953376
2000-01-01,4745939
2000-04-01,5071809
2000-07-01,5436227
2000-10-01,5570750
2001-01-01,5543928
2001-04-01,5628814
2001-07-01,5705261
2001-10-01,5472483
2002-01-01,5630889
2002-04-01,5606467
2002-07-01,5698761
2002-10-01,5921288
2003-01-01,6171920
2003-04-01,6136730
2003-07-01,6010743
2003-10-01,6101782
2004-01-01,6490339
2004-04-01,6836338
2004-07-01,7247411
2004-10-01,7276352
2005-01-01,7575559
2005-04-01,7749986
2005-07-01,8100189
2005-10-01,8351963
2006-01-01,8648596
2006-04-01,9038976
2006-07-01,9277151
2006-10-01,9576474
2007-01-01,9836076
2007-04-01,10240570
2007-07-01,10480504
2007-10-01,10431465
2008-01-01,9682933
2008-04-01,9827253
2008-07-01,9680116
2008-10-01,9384292
2009-01-01,8888185
2009-04-01,7486765
2009-07-01,7279491
2009-10-01,6833901
2010-01-01,7053843
2010-04-01,7646059
2010-07-01,7538688
2010-10-01,7670141
2011-01-01,7834609
2011-04-01,7710744
2011-07-01,7695028
2011-10-01,8167483
2012-01-01,8163999
2012-04-01,8184964
2012-07-01,8375724
2012-10-01,8562538
2013-01-01,8632844
2013-04-01,9120214
2013-07-01,9661816
2013-10-01,9735040
2014-01-01,9607272
2014-04-01,10078523
2014-07-01,10288863
2014-10-01,10645361
2015-01-01,11103055
2015-04-01,11419714
2015-07-01,11461150
2015-10-01,11348812
2016-01-01,11121798
2016-04-01,11499056
2016-07-01,11954050
2016-10-01,12042779
2017-01-01,11819807
2017-04-01,12699751
2017-07-01,12418331
2017-10-01,12689996
2018-01-01,12893166
2018-04-01,12904531
2018-07-01,13023080
2018-10-01,12963879
2019-01-01,13359607
2019-04-01,13976834
2019-07-01,14008953
2019-10-01,13843234
2020-01-01,14106866
2020-04-01,13693346
2020-07-01,13825360
2020-10-01,14230423
2021-01-01,14338872
2021-04-01,14816995
2021-07-01,15896907
2021-10-01,16337326
2022-01-01,16144922
2022-04-01,16277894
2022-07-01,16499705
2022-10-01,16339931
2023-01-01,16437738
2023-04-01,16913370
2023-07-01,16724909
2023-10-01,15715203
2024-01-01,15496424
2024-04-01,15654106
2024-07-01,15554840
2024-10-01,15694221
2025-01-01,15387975
2025-04-01,15207642
2025-07-01,16141858
2025-10-01,16133076
2026-01-01,16558742
